{
  "udrugecekanje": [],
  "volonter": [
    {
      "id": "3ea4",
      "ime": "Frano",
      "prezime": "Franic",
      "grad": "Zagreb",
      "zanimanje": "student"
    },
    {
      "id": "061f",
      "ime": "Ana",
      "prezime": "Anic",
      "grad": "Sibenik",
      "zanimanje": "umirovljen"
    },
    {
      "id": "e54a",
      "ime": "Ivan",
      "prezime": "Ivic",
      "grad": "Zadar",
      "zanimanje": "nezaposlen"
    }
  ],
  "udruge": [
    {
      "id": "3d8c6830-36e9-4dfb-b748-0f6ad96b4184",
      "ime": "Cistoca",
      "adresa": "Cvite Fiskovica 3",
      "grad": "Split"
    },
    {
      "id": "aea14cb6-664e-461c-82de-c5b89dd97024",
      "ime": "Gradnja",
      "adresa": "21000",
      "grad": "Zagreb"
    }
  ],
  "akcija": [
    {
      "id": "1",
      "vrsta": "Ciscenje",
      "mjesto": "Mejasi",
      "vrijeme": "12:00",
      "datum": "Wed Apr 03 2024",
      "opis": "Ciscenje djecjeg igralista na mejasima, pice za sve osigurano! Svi su dobrodosli, ucinimo Split ljepsim mjestom za zivljenje!!",
      "volonteri": [
        {
          "ime": "Ante",
          "prezime": "Spajic",
          "posao": "student"
        }
      ]
    }
  ]
}