{
  "udruge": [
    {
      "id": "27ef",
      "ime": "Ante",
      "adresa": "aaaaa",
      "grad": "Split"
    },
    {
      "id": "73ff",
      "ime": "sdad",
      "lokacija": "asdasd",
      "grad": "dsadas"
    },
    {
      "id": "85e2",
      "ime": "",
      "lokacija": "asdasd",
      "grad": "asdasd"
    },
    {
      "id": "b9c5",
      "ime": "",
      "lokacija": "dasd",
      "grad": "ds"
    },
    {
      "id": "c18c",
      "ime": "da",
      "adresa": "dsad",
      "grad": "dsa"
    },
    {
      "id": "6a8d",
      "ime": "ef",
      "adresa": "fdsf",
      "grad": "fdsf"
    },
    {
      "id": "3b2b",
      "ime": "dsad",
      "adresa": "das",
      "grad": "sd"
    },
    {
      "id": "6ee4",
      "ime": "sad",
      "adresa": "das",
      "grad": "das"
    },
    {
      "id": "4c3aad70-eaa0-452e-8c69-830f3ff03d91",
      "ime": "eqwe",
      "adresa": "qwe",
      "grad": "ewq"
    },
    {
      "id": "c4a18b75-77a4-402b-9258-4f1b6ff5ab09",
      "ime": "dsa",
      "adresa": "dasd",
      "grad": "das"
    },
    {
      "id": "9178",
      "ime": "dn",
      "adresa": "nfgn",
      "grad": "ngf"
    },
    {
      "id": "f105",
      "ime": "das",
      "adresa": "dasd",
      "grad": "dsad"
    },
    {
      "id": "1499",
      "ime": "dsa",
      "adresa": "das",
      "grad": "asd"
    },
    {
      "id": "0d91",
      "ime": "dasd",
      "adresa": "das",
      "grad": "das"
    }
  ]
}