{
  "volonter": [
    {
      "id": "27ef",
      "ime": "Ante",
      "prezime": "Spajic",
      "grad": "Split",
      "zanimanje": "student"
    },
    {
      "id": "3ea4",
      "ime": "Frano",
      "prezime": "Franic",
      "grad": "Zagreb",
      "zanimanje": "student"
    },
    {
      "id": "061f",
      "ime": "Ana",
      "prezime": "Anic",
      "grad": "Sibenik",
      "zanimanje": "umirovljen"
    },
    {
      "id": "e54a",
      "ime": "Ivan",
      "prezime": "Ivic",
      "grad": "Zadar",
      "zanimanje": "nezaposlen"
    }
  ]
}